Date,Pot,SubPot,EC,pH,Leaves Count,Longest Leaf,Plant Height(mm),Image link
11/9/2023,1,1,12.1,7.4,4,5,18,
11/9/2023,1,2,12.1,7.4,4,5,14,
11/9/2023,1,3,12.1,7.4,4,4,9,
11/9/2023,1,4,12.1,7.4,4,8,17,
11/9/2023,1,5,12.1,7.4,4,3,12,
11/9/2023,1,6,12.1,7.4,4,9,18,
11/9/2023,1,7,12.1,7.4,5,13,26,
11/9/2023,1,8,12.1,7.4,4,6,17,
11/9/2023,1,9,12.1,7.4,4,8,21,
11/9/2023,1,10,12.1,7.4,4,5,18,
11/9/2023,1,11,12.1,7.4,3,2,10,
11/9/2023,1,12,12.1,7.4,4,5,18,
11/9/2023,1,13,12.1,7.4,4,7,16,
11/9/2023,1,14,12.1,7.4,4,6,20,
11/9/2023,1,15,12.1,7.4,5,10,24,
11/9/2023,1,16,12.1,7.4,5,7,20,
11/9/2023,1,17,12.1,7.4,4,5,14,
11/9/2023,1,18,12.1,7.4,4,1,8,
11/9/2023,1,19,12.1,7.4,4,4,11,
11/9/2023,1,20,12.1,7.4,4,9,21,
11/9/2023,1,21,12.1,7.4,3,5,16,
11/9/2023,1,22,12.1,7.4,4,9,20,
11/9/2023,1,23,12.1,7.4,4,11,21,
11/9/2023,1,24,12.1,7.4,4,6,17,
11/9/2023,1,25,12.1,7.4,4,6,17,
11/9/2023,1,26,12.1,7.4,4,6,11,
11/9/2023,1,27,12.1,7.4,4,3,8,
11/9/2023,1,28,12.1,7.4,4,8,18,
11/9/2023,1,29,12.1,7.4,5,3,9,
11/9/2023,1,30,12.1,7.4,4,7,17,
11/9/2023,1,31,12.1,7.4,5,9,24,
11/9/2023,1,32,12.1,7.4,4,8,20,
11/9/2023,1,33,12.1,7.4,4,11,23,
11/9/2023,1,34,12.1,7.4,4,10,25,
11/9/2023,1,35,12.1,7.4,4,6,17,
11/9/2023,1,36,12.1,7.4,3,4,10,
11/9/2023,1,37,12.1,7.4,5,5,14,
11/9/2023,1,38,12.1,7.4,5,9,19,
11/9/2023,1,39,12.1,7.4,4,7,16,
11/9/2023,1,40,12.1,7.4,4,7,19,
11/9/2023,2,1,28,6.2,3,6,10,
11/9/2023,2,2,28,6.2,3,6,10,
11/9/2023,2,3,28,6.2,4,7,14,
11/9/2023,2,4,28,6.2,3,9,14,
11/9/2023,2,5,28,6.2,4,5,5,
11/9/2023,2,6,28,6.2,4,10,17,
11/9/2023,2,7,28,6.2,3,9,15,
11/9/2023,2,8,28,6.2,4,16,23,
11/9/2023,2,9,28,6.2,3,2,8,
11/9/2023,2,10,28,6.2,3,4,6,
11/9/2023,2,11,28,6.2,4,5,10,
11/9/2023,2,12,28,6.2,4,9,11,
11/9/2023,2,13,28,6.2,3,5,5,
11/9/2023,2,14,28,6.2,4,7,13,
11/9/2023,2,15,28,6.2,4,13,19,
11/9/2023,2,16,28,6.2,4,14,20,
11/9/2023,2,17,28,6.2,3,3,8,
11/9/2023,2,18,28,6.2,3,7,10,
11/9/2023,2,19,28,6.2,4,6,10,
11/9/2023,2,20,28,6.2,4,9,14,
11/9/2023,2,21,28,6.2,4,3,8,
11/9/2023,2,22,28,6.2,4,12,20,
11/9/2023,2,23,28,6.2,3,7,12,
11/9/2023,2,24,28,6.2,4,5,8,
11/9/2023,2,25,28,6.2,3,5,9,
11/9/2023,2,26,28,6.2,3,4,7,
11/9/2023,2,27,28,6.2,4,6,11,
11/9/2023,2,28,28,6.2,4,6,10,
11/9/2023,2,29,28,6.2,4,8,15,
11/9/2023,2,30,28,6.2,4,3,6,
11/9/2023,2,31,28,6.2,4,5,6,
11/9/2023,2,32,28,6.2,3,8,16,
11/9/2023,2,33,28,6.2,3,6,10,
11/9/2023,2,34,28,6.2,4,3,8,
11/9/2023,2,35,28,6.2,3,4,9,
11/9/2023,2,36,28,6.2,4,7,13,
11/9/2023,2,37,28,6.2,4,2,5,
11/9/2023,2,38,28,6.2,3,7,9,
11/9/2023,2,39,28,6.2,4,5,10,
11/9/2023,2,40,28,6.2,4,6,14,
12/9/2023,1,1,11,8.1,4,8,20,
12/9/2023,1,2,11,8.1,4,4,15,
12/9/2023,1,3,11,8.1,4,5,8,
12/9/2023,1,4,11,8.1,4,11,18,
12/9/2023,1,5,11,8.1,4,7,14,
12/9/2023,1,6,11,8.1,4,8,18,
12/9/2023,1,7,11,8.1,5,13,26,
12/9/2023,1,8,11,8.1,4,10,19,
12/9/2023,1,9,11,8.1,4,10,19,
12/9/2023,1,10,11,8.1,4,7,16,
12/9/2023,1,11,11,8.1,3,4,11,
12/9/2023,1,12,11,8.1,4,6,17,
12/9/2023,1,13,11,8.1,4,7,15,
12/9/2023,1,14,11,8.1,4,10,18,
12/9/2023,1,15,11,8.1,5,12,26,
12/9/2023,1,16,11,8.1,5,10,23,
12/9/2023,1,17,11,8.1,4,11,17,
12/9/2023,1,18,11,8.1,4,3,11,
12/9/2023,1,19,11,8.1,4,4,13,
12/9/2023,1,20,11,8.1,4,8,20,
12/9/2023,1,21,11,8.1,3,3,15,
12/9/2023,1,22,11,8.1,4,10,20,
12/9/2023,1,23,11,8.1,4,10,24,
12/9/2023,1,24,11,8.1,4,7,17,
12/9/2023,1,25,11,8.1,4,8,18,
12/9/2023,1,26,11,8.1,4,5,13,
12/9/2023,1,27,11,8.1,4,2,9,
12/9/2023,1,28,11,8.1,4,10,18,
12/9/2023,1,29,11,8.1,5,4,13,
12/9/2023,1,30,11,8.1,4,6,18,
12/9/2023,1,31,11,8.1,5,10,24,
12/9/2023,1,32,11,8.1,4,11,20,
12/9/2023,1,33,11,8.1,4,13,26,
12/9/2023,1,34,11,8.1,4,10,22,
12/9/2023,1,35,11,8.1,5,7,17,
12/9/2023,1,36,11,8.1,4,4,11,
12/9/2023,1,37,11,8.1,5,7,13,
12/9/2023,1,38,11,8.1,5,9,18,
12/9/2023,1,39,11,8.1,4,7,14,
12/9/2023,1,40,11,8.1,4,7,19,
12/9/2023,2,1,28,6,3,3,8,
12/9/2023,2,2,28,6,3,3,11,
12/9/2023,2,3,28,6,4,6,16,
12/9/2023,2,4,28,6,3,9,17,
12/9/2023,2,5,28,6,4,5,4,
12/9/2023,2,6,28,6,4,8,18,
12/9/2023,2,7,28,6,3,9,18,
12/9/2023,2,8,28,6,4,15,25,
12/9/2023,2,9,28,6,3,4,7,
12/9/2023,2,10,28,6,3,4,10,
12/9/2023,2,11,28,6,4,5,8,
12/9/2023,2,12,28,6,4,9,17,
12/9/2023,2,13,28,6,3,4,9,
12/9/2023,2,14,28,6,4,7,14,
12/9/2023,2,15,28,6,4,12,20,
12/9/2023,2,16,28,6,4,13,22,
12/9/2023,2,17,28,6,3,3,8,
12/9/2023,2,18,28,6,3,8,11,
12/9/2023,2,19,28,6,4,8,12,
12/9/2023,2,20,28,6,4,7,17,
12/9/2023,2,21,28,6,4,5,8,
12/9/2023,2,22,28,6,4,11,21,
12/9/2023,2,23,28,6,3,4,11,
12/9/2023,2,24,28,6,4,6,11,
12/9/2023,2,25,28,6,3,4,12,
12/9/2023,2,26,28,6,3,2,7,
12/9/2023,2,27,28,6,4,4,12,
12/9/2023,2,28,28,6,4,6,10,
12/9/2023,2,29,28,6,4,7,13,
12/9/2023,2,30,28,6,4,5,5,
12/9/2023,2,31,28,6,4,4,11,
12/9/2023,2,32,28,6,3,10,16,
12/9/2023,2,33,28,6,3,9,12,
12/9/2023,2,34,28,6,4,3,8,
12/9/2023,2,35,28,6,3,4,11,
12/9/2023,2,36,28,6,4,4,13,
12/9/2023,2,37,28,6,4,5,8,
12/9/2023,2,38,28,6,3,9,11,
12/9/2023,2,39,28,6,4,9,10,
12/9/2023,2,40,28,6,4,5,12,
13/9/2023,1,1,33,8.3,4,9,18,
13/9/2023,1,2,33,8.3,4,7,13,
13/9/2023,1,3,33,8.3,4,4,9,
13/9/2023,1,4,33,8.3,4,9,19,
13/9/2023,1,5,33,8.3,4,9,15,
13/9/2023,1,6,33,8.3,4,11,22,
13/9/2023,1,7,33,8.3,5,14,26,
13/9/2023,1,8,33,8.3,4,11,19,
13/9/2023,1,9,33,8.3,4,11,19,
13/9/2023,1,10,33,8.3,4,10,16,
13/9/2023,1,11,33,8.3,3,7,10,
13/9/2023,1,12,33,8.3,4,10,21,
13/9/2023,1,13,33,8.3,4,9,17,
13/9/2023,1,14,33,8.3,4,11,23,
13/9/2023,1,15,33,8.3,5,13,28,
13/9/2023,1,16,33,8.3,5,10,22,
13/9/2023,1,17,33,8.3,4,9,17,
13/9/2023,1,18,33,8.3,4,5,13,
13/9/2023,1,19,33,8.3,4,7,15,
13/9/2023,1,20,33,8.3,4,10,23,
13/9/2023,1,21,33,8.3,3,8,16,
13/9/2023,1,22,33,8.3,4,12,21,
13/9/2023,1,23,33,8.3,4,11,24,
13/9/2023,1,24,33,8.3,4,10,18,
13/9/2023,1,25,33,8.3,4,11,17,
13/9/2023,1,26,33,8.3,4,5,14,
13/9/2023,1,27,33,8.3,4,6,13,
13/9/2023,1,28,33,8.3,4,10,21,
13/9/2023,1,29,33,8.3,5,5,10,
13/9/2023,1,30,33,8.3,4,8,19,
13/9/2023,1,31,33,8.3,5,13,24,
13/9/2023,1,32,33,8.3,4,11,20,
13/9/2023,1,33,33,8.3,4,16,26,
13/9/2023,1,34,33,8.3,4,12,23,
13/9/2023,1,35,33,8.3,5,10,18,
13/9/2023,1,36,33,8.3,4,4,13,
13/9/2023,1,37,33,8.3,5,6,13,
13/9/2023,1,38,33,8.3,5,12,19,
13/9/2023,1,39,33,8.3,4,10,15,
13/9/2023,1,40,33,8.3,4,9,22,
13/9/2023,2,1,14,6.1,3,6,13,
13/9/2023,2,2,14,6.1,3,6,12,
13/9/2023,2,3,14,6.1,4,7,16,
13/9/2023,2,4,14,6.1,4,9,20,
13/9/2023,2,5,14,6.1,4,4,8,
13/9/2023,2,6,14,6.1,4,11,20,
13/9/2023,2,7,14,6.1,3,12,20,
13/9/2023,2,8,14,6.1,4,14,28,
13/9/2023,2,9,14,6.1,3,4,10,
13/9/2023,2,10,14,6.1,3,3,10,
13/9/2023,2,11,14,6.1,4,4,13,
13/9/2023,2,12,14,6.1,4,6,15,
13/9/2023,2,13,14,6.1,3,4,9,
13/9/2023,2,14,14,6.1,4,11,17,
13/9/2023,2,15,14,6.1,4,12,20,
13/9/2023,2,16,14,6.1,4,15,24,
13/9/2023,2,17,14,6.1,3,3,10,
13/9/2023,2,18,14,6.1,3,4,13,
13/9/2023,2,19,14,6.1,4,7,13,
13/9/2023,2,20,14,6.1,4,8,17,
13/9/2023,2,21,14,6.1,4,3,11,
13/9/2023,2,22,14,6.1,4,14,21,
13/9/2023,2,23,14,6.1,3,6,14,
13/9/2023,2,24,14,6.1,4,6,11,
13/9/2023,2,25,14,6.1,3,6,13,
13/9/2023,2,26,14,6.1,3,3,10,
13/9/2023,2,27,14,6.1,4,8,13,
13/9/2023,2,28,14,6.1,4,5,12,
13/9/2023,2,29,14,6.1,4,6,15,
13/9/2023,2,30,14,6.1,4,4,8,
13/9/2023,2,31,14,6.1,4,4,12,
13/9/2023,2,32,14,6.1,3,9,18,
13/9/2023,2,33,14,6.1,3,4,15,
13/9/2023,2,34,14,6.1,4,4,10,
13/9/2023,2,35,14,6.1,3,6,11,
13/9/2023,2,36,14,6.1,4,6,17,
13/9/2023,2,37,14,6.1,4,5,11,
13/9/2023,2,38,14,6.1,3,8,14,
13/9/2023,2,39,14,6.1,4,5,11,
13/9/2023,2,40,14,6.1,4,7,13,
14/9/2023,1,1,21,8,4,10,18,
14/9/2023,1,2,21,8,4,9,17,
14/9/2023,1,3,21,8,4,6,10,
14/9/2023,1,4,21,8,4,11,21,
14/9/2023,1,5,21,8,4,6,14,
14/9/2023,1,6,21,8,4,11,22,
14/9/2023,1,7,21,8,4,18,26,
14/9/2023,1,8,21,8,4,10,19,
14/9/2023,1,9,21,8,4,11,22,
14/9/2023,1,10,21,8,4,9,17,
14/9/2023,1,11,21,8,4,7,12,
14/9/2023,1,12,21,8,4,11,17,
14/9/2023,1,13,21,8,4,8,19,
14/9/2023,1,14,21,8,4,12,22,
14/9/2023,1,15,21,8,4,15,27,
14/9/2023,1,16,21,8,4,14,22,
14/9/2023,1,17,21,8,4,9,18,
14/9/2023,1,18,21,8,4,8,11,
14/9/2023,1,19,21,8,4,8,14,
14/9/2023,1,20,21,8,4,12,20,
14/9/2023,1,21,21,8,4,9,18,
14/9/2023,1,22,21,8,4,10,22,
14/9/2023,1,23,21,8,4,16,24,
14/9/2023,1,24,21,8,4,9,18,
14/9/2023,1,25,21,8,4,10,17,
14/9/2023,1,26,21,8,4,8,16,
14/9/2023,1,27,21,8,4,5,12,
14/9/2023,1,28,21,8,4,11,21,
14/9/2023,1,29,21,8,4,8,10,
14/9/2023,1,30,21,8,4,11,19,
14/9/2023,1,31,21,8,4,14,23,
14/9/2023,1,32,21,8,4,12,20,
14/9/2023,1,33,21,8,4,17,25,
14/9/2023,1,34,21,8,4,14,22,
14/9/2023,1,35,21,8,4,12,17,
14/9/2023,1,36,21,8,4,6,11,
14/9/2023,1,37,21,8,4,7,15,
14/9/2023,1,38,21,8,4,13,18,
14/9/2023,1,39,21,8,4,9,16,
14/9/2023,1,40,21,8,4,12,21,
14/9/2023,2,1,24,6.1,3,3,13,
14/9/2023,2,2,24,6.1,3,5,14,
14/9/2023,2,3,24,6.1,4,8,17,
14/9/2023,2,4,24,6.1,4,11,20,
14/9/2023,2,5,24,6.1,4,4,9,
14/9/2023,2,6,24,6.1,4,11,19,
14/9/2023,2,7,24,6.1,3,9,21,
14/9/2023,2,8,24,6.1,4,14,30,
14/9/2023,2,9,24,6.1,3,5,11,
14/9/2023,2,10,24,6.1,3,6,12,
14/9/2023,2,11,24,6.1,4,4,15,
14/9/2023,2,12,24,6.1,4,7,17,
14/9/2023,2,13,24,6.1,3,3,11,
14/9/2023,2,14,24,6.1,4,7,18,
14/9/2023,2,15,24,6.1,4,12,24,
14/9/2023,2,16,24,6.1,4,14,24,
14/9/2023,2,17,24,6.1,3,4,13,
14/9/2023,2,18,24,6.1,3,7,14,
14/9/2023,2,19,24,6.1,4,8,15,
14/9/2023,2,20,24,6.1,4,9,19,
14/9/2023,2,21,24,6.1,4,6,12,
14/9/2023,2,22,24,6.1,4,13,23,
14/9/2023,2,23,24,6.1,4,6,16,
14/9/2023,2,24,24,6.1,4,6,15,
14/9/2023,2,25,24,6.1,3,5,15,
14/9/2023,2,26,24,6.1,3,5,11,
14/9/2023,2,27,24,6.1,4,7,13,
14/9/2023,2,28,24,6.1,4,5,14,
14/9/2023,2,29,24,6.1,4,8,14,
14/9/2023,2,30,24,6.1,4,4,12,
14/9/2023,2,31,24,6.1,4,5,13,
14/9/2023,2,32,24,6.1,3,9,21,
14/9/2023,2,33,24,6.1,3,7,16,
14/9/2023,2,34,24,6.1,4,5,11,
14/9/2023,2,35,24,6.1,3,5,14,
14/9/2023,2,36,24,6.1,4,8,17,
14/9/2023,2,37,24,6.1,4,5,11,
14/9/2023,2,38,24,6.1,3,5,12,
14/9/2023,2,39,24,6.1,4,5,14,
14/9/2023,2,40,24,6.1,4,7,16,
15/9/2023,1,1,114.53,7.44,4,14,19,
15/9/2023,1,2,114.53,7.44,4,10,16,
15/9/2023,1,3,114.53,7.44,4,7,12,
15/9/2023,1,4,114.53,7.44,4,15,22,
15/9/2023,1,5,114.53,7.44,4,9,15,
15/9/2023,1,6,114.53,7.44,4,14,21,
15/9/2023,1,7,114.53,7.44,5,18,29,
15/9/2023,1,8,114.53,7.44,4,13,21,
15/9/2023,1,9,114.53,7.44,4,14,24,
15/9/2023,1,10,114.53,7.44,4,12,19,
15/9/2023,1,11,114.53,7.44,3,8,13,
15/9/2023,1,12,114.53,7.44,4,15,20,
15/9/2023,1,13,114.53,7.44,4,9,18,
15/9/2023,1,14,114.53,7.44,4,13,23,
15/9/2023,1,15,114.53,7.44,5,17,29,
15/9/2023,1,16,114.53,7.44,5,13,26,
15/9/2023,1,17,114.53,7.44,4,11,20,
15/9/2023,1,18,114.53,7.44,4,9,14,
15/9/2023,1,19,114.53,7.44,4,9,14,
15/9/2023,1,20,114.53,7.44,4,14,21,
15/9/2023,1,21,114.53,7.44,4,11,19,
15/9/2023,1,22,114.53,7.44,4,15,24,
15/9/2023,1,23,114.53,7.44,4,13,26,
15/9/2023,1,24,114.53,7.44,5,12,20,
15/9/2023,1,25,114.53,7.44,4,12,20,
15/9/2023,1,26,114.53,7.44,4,9,16,
15/9/2023,1,27,114.53,7.44,4,9,14,
15/9/2023,1,28,114.53,7.44,4,13,22,
15/9/2023,1,29,114.53,7.44,5,8,13,
15/9/2023,1,30,114.53,7.44,4,12,20,
15/9/2023,1,31,114.53,7.44,5,17,25,
15/9/2023,1,32,114.53,7.44,4,13,23,
15/9/2023,1,33,114.53,7.44,4,17,27,
15/9/2023,1,34,114.53,7.44,4,15,24,
15/9/2023,1,35,114.53,7.44,5,13,19,
15/9/2023,1,36,114.53,7.44,4,8,14,
15/9/2023,1,37,114.53,7.44,5,10,15,
15/9/2023,1,38,114.53,7.44,5,13,21,
15/9/2023,1,39,114.53,7.44,4,11,19,
15/9/2023,1,40,114.53,7.44,4,14,25,
15/9/2023,2,1,14,6.6,3,8,15,
15/9/2023,2,2,14,6.6,3,10,15,
15/9/2023,2,3,14,6.6,3,12,19,
15/9/2023,2,4,14,6.6,3,11,22,
15/9/2023,2,5,14,6.6,3,6,11,
15/9/2023,2,6,14,6.6,3,11,21,
15/9/2023,2,7,14,6.6,3,13,23,
15/9/2023,2,8,14,6.6,3,18,29,
15/9/2023,2,9,14,6.6,3,5,12,
15/9/2023,2,10,14,6.6,3,6,12,
15/9/2023,2,11,14,6.6,3,8,18,
15/9/2023,2,12,14,6.6,3,10,18,
15/9/2023,2,13,14,6.6,3,7,14,
15/9/2023,2,14,14,6.6,3,12,18,
15/9/2023,2,15,14,6.6,3,15,25,
15/9/2023,2,16,14,6.6,3,14,27,
15/9/2023,2,17,14,6.6,3,5,13,
15/9/2023,2,18,14,6.6,3,8,14,
15/9/2023,2,19,14,6.6,3,8,18,
15/9/2023,2,20,14,6.6,3,9,21,
15/9/2023,2,21,14,6.6,3,7,15,
15/9/2023,2,22,14,6.6,3,15,23,
15/9/2023,2,23,14,6.6,3,9,14,
15/9/2023,2,24,14,6.6,3,8,13,
15/9/2023,2,25,14,6.6,3,6,16,
15/9/2023,2,26,14,6.6,3,5,14,
15/9/2023,2,27,14,6.6,3,8,14,
15/9/2023,2,28,14,6.6,3,8,17,
15/9/2023,2,29,14,6.6,3,10,18,
15/9/2023,2,30,14,6.6,3,6,13,
15/9/2023,2,31,14,6.6,3,6,14,
15/9/2023,2,32,14,6.6,3,12,21,
15/9/2023,2,33,14,6.6,3,10,15,
15/9/2023,2,34,14,6.6,3,8,13,
15/9/2023,2,35,14,6.6,3,7,18,
15/9/2023,2,36,14,6.6,3,12,20,
15/9/2023,2,37,14,6.6,3,6,13,
15/9/2023,2,38,14,6.6,3,7,15,
15/9/2023,2,39,14,6.6,3,6,14,
15/9/2023,2,40,14,6.6,3,8,16,
16/9/2023,1,1,13.45,6.3,4,15,21,
16/9/2023,1,2,13.45,6.3,4,12,18,
16/9/2023,1,3,13.45,6.3,4,9,13,
16/9/2023,1,4,13.45,6.3,4,17,24,
16/9/2023,1,5,13.45,6.3,4,11,17,
16/9/2023,1,6,13.45,6.3,4,15,23,
16/9/2023,1,7,13.45,6.3,5,19,31,
16/9/2023,1,8,13.45,6.3,4,15,23,
16/9/2023,1,9,13.45,6.3,4,16,25,
16/9/2023,1,10,13.45,6.3,4,13,21,
16/9/2023,1,11,13.45,6.3,4,9,15,
16/9/2023,1,12,13.45,6.3,4,16,21,
16/9/2023,1,13,13.45,6.3,4,11,19,
16/9/2023,1,14,13.45,6.3,4,15,25,
16/9/2023,1,15,13.45,6.3,5,18,30,
16/9/2023,1,16,13.45,6.3,5,15,27,
16/9/2023,1,17,13.45,6.3,4,13,21,
16/9/2023,1,18,13.45,6.3,4,10,15,
16/9/2023,1,19,13.45,6.3,4,11,16,
16/9/2023,1,20,13.45,6.3,4,16,23,
16/9/2023,1,21,13.45,6.3,4,13,21,
16/9/2023,1,22,13.45,6.3,4,16,25,
16/9/2023,1,23,13.45,6.3,4,15,27,
16/9/2023,1,24,13.45,6.3,5,14,21,
16/9/2023,1,25,13.45,6.3,4,13,21,
16/9/2023,1,26,13.45,6.3,4,11,18,
16/9/2023,1,27,13.45,6.3,4,10,16,
16/9/2023,1,28,13.45,6.3,4,15,23,
16/9/2023,1,29,13.45,6.3,5,10,14,
16/9/2023,1,30,13.45,6.3,4,14,22,
16/9/2023,1,31,13.45,6.3,5,18,27,
16/9/2023,1,32,13.45,6.3,4,15,25,
16/9/2023,1,33,13.45,6.3,4,18,28,
16/9/2023,1,34,13.45,6.3,4,16,26,
16/9/2023,1,35,13.45,6.3,5,14,21,
16/9/2023,1,36,13.45,6.3,4,9,16,
16/9/2023,1,37,13.45,6.3,5,11,17,
16/9/2023,1,38,13.45,6.3,5,15,23,
16/9/2023,1,39,13.45,6.3,4,13,20,
16/9/2023,1,40,13.45,6.3,4,16,26,
16/9/2023,2,1,18,6,3,9,16,
16/9/2023,2,2,18,6,3,11,17,
16/9/2023,2,3,18,6,4,13,20,
16/9/2023,2,4,18,6,4,13,23,
16/9/2023,2,5,18,6,4,7,13,
16/9/2023,2,6,18,6,4,13,23,
16/9/2023,2,7,18,6,4,14,24,
16/9/2023,2,8,18,6,4,19,31,
16/9/2023,2,9,18,6,3,7,14,
16/9/2023,2,10,18,6,3,8,14,
16/9/2023,2,11,18,6,4,10,19,
16/9/2023,2,12,18,6,4,12,20,
16/9/2023,2,13,18,6,3,8,16,
16/9/2023,2,14,18,6,4,13,20,
16/9/2023,2,15,18,6,4,16,26,
16/9/2023,2,16,18,6,4,16,28,
16/9/2023,2,17,18,6,3,6,14,
16/9/2023,2,18,18,6,3,9,16,
16/9/2023,2,19,18,6,4,9,20,
16/9/2023,2,20,18,6,4,11,22,
16/9/2023,2,21,18,6,4,9,16,
16/9/2023,2,22,18,6,4,17,25,
16/9/2023,2,23,18,6,4,10,16,
16/9/2023,2,24,18,6,4,10,15,
16/9/2023,2,25,18,6,3,8,18,
16/9/2023,2,26,18,6,3,7,15,
16/9/2023,2,27,18,6,4,9,16,
16/9/2023,2,28,18,6,4,9,19,
16/9/2023,2,29,18,6,4,12,20,
16/9/2023,2,30,18,6,4,8,14,
16/9/2023,2,31,18,6,4,8,16,
16/9/2023,2,32,18,6,3,14,23,
16/9/2023,2,33,18,6,3,11,17,
16/9/2023,2,34,18,6,4,9,14,
16/9/2023,2,35,18,6,4,9,19,
16/9/2023,2,36,18,6,4,13,21,
16/9/2023,2,37,18,6,4,7,15,
16/9/2023,2,38,18,6,3,9,17,
16/9/2023,2,39,18,6,4,8,16,
16/9/2023,2,40,18,6,4,9,18,
17/9/2023,1,1,3.8,7.04,4,17,23,
17/9/2023,1,2,3.8,7.04,4,14,21,
17/9/2023,1,3,3.8,7.04,4,10,15,
17/9/2023,1,4,3.8,7.04,4,17,27,
17/9/2023,1,5,3.8,7.04,4,14,18,
17/9/2023,1,6,3.8,7.04,4,18,25,
17/9/2023,1,7,3.8,7.04,5,20,31,
17/9/2023,1,8,3.8,7.04,4,17,24,
17/9/2023,1,9,3.8,7.04,4,18,26,
17/9/2023,1,10,3.8,7.04,4,14,21,
17/9/2023,1,11,3.8,7.04,4,10,17,
17/9/2023,1,12,3.8,7.04,4,16,24,
17/9/2023,1,13,3.8,7.04,4,14,21,
17/9/2023,1,14,3.8,7.04,4,17,25,
17/9/2023,1,15,3.8,7.04,5,19,31,
17/9/2023,1,16,3.8,7.04,5,17,28,
17/9/2023,1,17,3.8,7.04,4,15,23,
17/9/2023,1,18,3.8,7.04,4,10,17,
17/9/2023,1,19,3.8,7.04,4,11,19,
17/9/2023,1,20,3.8,7.04,4,16,25,
17/9/2023,1,21,3.8,7.04,4,13,21,
17/9/2023,1,22,3.8,7.04,4,17,26,
17/9/2023,1,23,3.8,7.04,4,19,27,
17/9/2023,1,24,3.8,7.04,5,16,21,
17/9/2023,1,25,3.8,7.04,4,15,23,
17/9/2023,1,26,3.8,7.04,4,13,19,
17/9/2023,1,27,3.8,7.04,5,10,18,
17/9/2023,1,28,3.8,7.04,4,17,26,
17/9/2023,1,29,3.8,7.04,5,10,15,
17/9/2023,1,30,3.8,7.04,4,15,22,
17/9/2023,1,31,3.8,7.04,5,19,29,
17/9/2023,1,32,3.8,7.04,4,17,26,
17/9/2023,1,33,3.8,7.04,4,21,31,
17/9/2023,1,34,3.8,7.04,4,17,29,
17/9/2023,1,35,3.8,7.04,5,16,22,
17/9/2023,1,36,3.8,7.04,4,11,18,
17/9/2023,1,37,3.8,7.04,5,11,18,
17/9/2023,1,38,3.8,7.04,5,16,24,
17/9/2023,1,39,3.8,7.04,4,14,21,
17/9/2023,1,40,3.8,7.04,4,17,25,
17/9/2023,2,1,28,6.1,3,10,18,
17/9/2023,2,2,28,6.1,3,10,18,
17/9/2023,2,3,28,6.1,3,14,23,
17/9/2023,2,4,28,6.1,3,16,25,
17/9/2023,2,5,28,6.1,3,8,13,
17/9/2023,2,6,28,6.1,3,16,24,
17/9/2023,2,7,28,6.1,3,16,25,
17/9/2023,2,8,28,6.1,3,21,32,
17/9/2023,2,9,28,6.1,3,10,14,
17/9/2023,2,10,28,6.1,3,9,16,
17/9/2023,2,11,28,6.1,3,11,19,
17/9/2023,2,12,28,6.1,3,12,22,
17/9/2023,2,13,28,6.1,3,10,15,
17/9/2023,2,14,28,6.1,3,13,20,
17/9/2023,2,15,28,6.1,3,16,26,
17/9/2023,2,16,28,6.1,3,18,29,
17/9/2023,2,17,28,6.1,3,8,16,
17/9/2023,2,18,28,6.1,3,12,19,
17/9/2023,2,19,28,6.1,3,12,21,
17/9/2023,2,20,28,6.1,3,14,23,
17/9/2023,2,21,28,6.1,3,8,16,
17/9/2023,2,22,28,6.1,3,18,26,
17/9/2023,2,23,28,6.1,3,11,19,
17/9/2023,2,24,28,6.1,3,11,19,
17/9/2023,2,25,28,6.1,3,11,19,
17/9/2023,2,26,28,6.1,3,9,16,
17/9/2023,2,27,28,6.1,3,12,17,
17/9/2023,2,28,28,6.1,3,11,19,
17/9/2023,2,29,28,6.1,3,12,20,
17/9/2023,2,30,28,6.1,3,8,15,
17/9/2023,2,31,28,6.1,3,9,16,
17/9/2023,2,32,28,6.1,3,14,23,
17/9/2023,2,33,28,6.1,3,12,19,
17/9/2023,2,34,28,6.1,3,8,16,
17/9/2023,2,35,28,6.1,3,10,20,
17/9/2023,2,36,28,6.1,3,14,20,
17/9/2023,2,37,28,6.1,3,10,17,
17/9/2023,2,38,28,6.1,3,11,19,
17/9/2023,2,39,28,6.1,3,12,19,
17/9/2023,2,40,28,6.1,3,10,19,
18/9/2023,1,1,8.9,6,4,17,25,
18/9/2023,1,2,8.9,6,4,14,21,
18/9/2023,1,3,8.9,6,4,11,17,
18/9/2023,1,4,8.9,6,4,18,28,
18/9/2023,1,5,8.9,6,4,14,20,
18/9/2023,1,6,8.9,6,4,18,26,
18/9/2023,1,7,8.9,6,5,22,33,
18/9/2023,1,8,8.9,6,4,17,26,
18/9/2023,1,9,8.9,6,4,19,27,
18/9/2023,1,10,8.9,6,4,16,23,
18/9/2023,1,11,8.9,6,4,13,19,
18/9/2023,1,12,8.9,6,4,17,25,
18/9/2023,1,13,8.9,6,4,15,22,
18/9/2023,1,14,8.9,6,4,19,28,
18/9/2023,1,15,8.9,6,5,22,32,
18/9/2023,1,16,8.9,6,5,20,30,
18/9/2023,1,17,8.9,6,4,17,24,
18/9/2023,1,18,8.9,6,4,13,19,
18/9/2023,1,19,8.9,6,4,13,19,
18/9/2023,1,20,8.9,6,4,18,27,
18/9/2023,1,21,8.9,6,4,15,23,
18/9/2023,1,22,8.9,6,4,19,27,
18/9/2023,1,23,8.9,6,4,19,29,
18/9/2023,1,24,8.9,6,5,16,23,
18/9/2023,1,25,8.9,6,4,17,25,
18/9/2023,1,26,8.9,6,4,14,20,
18/9/2023,1,27,8.9,6,5,13,19,
18/9/2023,1,28,8.9,6,4,18,26,
18/9/2023,1,29,8.9,6,5,13,17,
18/9/2023,1,30,8.9,6,4,17,24,
18/9/2023,1,31,8.9,6,5,21,30,
18/9/2023,1,32,8.9,6,4,18,27,
18/9/2023,1,33,8.9,6,4,22,32,
18/9/2023,1,34,8.9,6,4,19,30,
18/9/2023,1,35,8.9,6,5,16,24,
18/9/2023,1,36,8.9,6,4,12,18,
18/9/2023,1,37,8.9,6,5,13,20,
18/9/2023,1,38,8.9,6,5,19,27,
18/9/2023,1,39,8.9,6,4,15,22,
18/9/2023,1,40,8.9,6,4,18,28,
18/9/2023,2,1,26,6,3,11,18,
18/9/2023,2,2,26,6,3,13,19,
18/9/2023,2,3,26,6,4,14,24,
18/9/2023,2,4,26,6,4,16,26,
18/9/2023,2,5,26,6,4,9,15,
18/9/2023,2,6,26,6,4,16,26,
18/9/2023,2,7,26,6,4,16,26,
18/9/2023,2,8,26,6,4,22,35,
18/9/2023,2,9,26,6,3,11,16,
18/9/2023,2,10,26,6,3,11,18,
18/9/2023,2,11,26,6,4,13,21,
18/9/2023,2,12,26,6,4,15,23,
18/9/2023,2,13,26,6,4,10,17,
18/9/2023,2,14,26,6,4,14,23,
18/9/2023,2,15,26,6,4,18,29,
18/9/2023,2,16,26,6,4,19,31,
18/9/2023,2,17,26,6,3,11,17,
18/9/2023,2,18,26,6,3,13,21,
18/9/2023,2,19,26,6,4,13,22,
18/9/2023,2,20,26,6,4,16,24,
18/9/2023,2,21,26,6,4,11,17,
18/9/2023,2,22,26,6,4,19,29,
18/9/2023,2,23,26,6,4,13,20,
18/9/2023,2,24,26,6,4,13,20,
18/9/2023,2,25,26,6,3,13,20,
18/9/2023,2,26,26,6,3,11,17,
18/9/2023,2,27,26,6,4,13,20,
18/9/2023,2,28,26,6,4,13,20,
18/9/2023,2,29,26,6,4,14,22,
18/9/2023,2,30,26,6,4,10,16,
18/9/2023,2,31,26,6,4,11,18,
18/9/2023,2,32,26,6,3,17,25,
18/9/2023,2,33,26,6,3,14,22,
18/9/2023,2,34,26,6,4,10,17,
18/9/2023,2,35,26,6,4,12,20,
18/9/2023,2,36,26,6,4,14,23,
18/9/2023,2,37,26,6,4,11,18,
18/9/2023,2,38,26,6,3,13,20,
18/9/2023,2,39,26,6,4,13,20,
18/9/2023,2,40,26,6,4,13,21,
19/9/2023,1,1,6.53,7.54,4,19,29,https://drive.google.com/drive/u/0/folders/1scww7sfCQfcYA6Twppc84EJ3ZFwq7kLj
19/9/2023,1,2,6.53,7.54,4,16,25,
19/9/2023,1,3,6.53,7.54,4,13,20,
19/9/2023,1,4,6.53,7.54,4,20,31,
19/9/2023,1,5,6.53,7.54,4,16,24,
19/9/2023,1,6,6.53,7.54,4,20,30,
19/9/2023,1,7,6.53,7.54,5,24,37,
19/9/2023,1,8,6.53,7.54,4,19,29,
19/9/2023,1,9,6.53,7.54,4,20,31,
19/9/2023,1,10,6.53,7.54,4,18,27,
19/9/2023,1,11,6.53,7.54,4,14,22,
19/9/2023,1,12,6.53,7.54,4,19,29,
19/9/2023,1,13,6.53,7.54,4,17,26,
19/9/2023,1,14,6.53,7.54,4,20,31,
19/9/2023,1,15,6.53,7.54,5,23,36,
19/9/2023,1,16,6.53,7.54,5,21,33,
19/9/2023,1,17,6.53,7.54,4,18,27,
19/9/2023,1,18,6.53,7.54,4,14,22,
19/9/2023,1,19,6.53,7.54,4,15,23,
19/9/2023,1,20,6.53,7.54,4,20,30,
19/9/2023,1,21,6.53,7.54,4,17,26,
19/9/2023,1,22,6.53,7.54,4,20,31,
19/9/2023,1,23,6.53,7.54,4,21,33,
19/9/2023,1,24,6.53,7.54,5,18,27,
19/9/2023,1,25,6.53,7.54,4,18,28,
19/9/2023,1,26,6.53,7.54,4,16,24,
19/9/2023,1,27,6.53,7.54,5,14,22,
19/9/2023,1,28,6.53,7.54,4,20,30,
19/9/2023,1,29,6.53,7.54,5,14,21,
19/9/2023,1,30,6.53,7.54,4,18,28,
19/9/2023,1,31,6.53,7.54,5,22,34,
19/9/2023,1,32,6.53,7.54,4,20,31,
19/9/2023,1,33,6.53,7.54,4,23,36,
19/9/2023,1,34,6.53,7.54,4,21,33,
19/9/2023,1,35,6.53,7.54,5,18,27,
19/9/2023,1,36,6.53,7.54,4,14,22,
19/9/2023,1,37,6.53,7.54,5,15,23,
19/9/2023,1,38,6.53,7.54,5,20,30,
19/9/2023,1,39,6.53,7.54,4,17,26,
19/9/2023,1,40,6.53,7.54,4,20,31,
19/9/2023,2,1,12,6.8,3,13,20,
19/9/2023,2,2,12,6.8,3,14,21,
19/9/2023,2,3,12,6.8,4,16,25,
19/9/2023,2,4,12,6.8,4,18,27,
19/9/2023,2,5,12,6.8,4,11,17,
19/9/2023,2,6,12,6.8,4,18,27,
19/9/2023,2,7,12,6.8,4,18,28,
19/9/2023,2,8,12,6.8,4,23,36,
19/9/2023,2,9,12,6.8,3,12,18,
19/9/2023,2,10,12,6.8,3,12,19,
19/9/2023,2,11,12,6.8,4,14,22,
19/9/2023,2,12,12,6.8,4,16,25,
19/9/2023,2,13,12,6.8,4,12,19,
19/9/2023,2,14,12,6.8,4,16,24,
19/9/2023,2,15,12,6.8,4,20,30,
19/9/2023,2,16,12,6.8,4,21,32,
19/9/2023,2,17,12,6.8,3,12,19,
19/9/2023,2,18,12,6.8,3,14,22,
19/9/2023,2,19,12,6.8,4,15,23,
19/9/2023,2,20,12,6.8,4,17,26,
19/9/2023,2,21,12,6.8,4,12,19,
19/9/2023,2,22,12,6.8,4,20,30,
19/9/2023,2,23,12,6.8,4,14,22,
19/9/2023,2,24,12,6.8,4,14,21,
19/9/2023,2,25,12,6.8,3,14,22,
19/9/2023,2,26,12,6.8,3,12,19,
19/9/2023,2,27,12,6.8,4,14,21,
19/9/2023,2,28,12,6.8,4,14,22,
19/9/2023,2,29,12,6.8,4,16,24,
19/9/2023,2,30,12,6.8,4,12,18,
19/9/2023,2,31,12,6.8,4,12,19,
19/9/2023,2,32,12,6.8,3,18,27,
19/9/2023,2,33,12,6.8,3,15,23,
19/9/2023,2,34,12,6.8,4,12,19,
19/9/2023,2,35,12,6.8,4,14,22,
19/9/2023,2,36,12,6.8,4,16,24,
19/9/2023,2,37,12,6.8,4,12,19,
19/9/2023,2,38,12,6.8,3,14,22,
19/9/2023,2,39,12,6.8,4,14,21,
19/9/2023,2,40,12,6.8,4,14,22,
20/9/2023,1,1,24.85,6,4,21,40,
20/9/2023,1,2,24.85,6,4,18,35,
20/9/2023,1,3,24.85,6,4,14,29,
20/9/2023,1,4,24.85,6,4,22,41,
20/9/2023,1,5,24.85,6,4,18,31,
20/9/2023,1,6,24.85,6,4,22,39,
20/9/2023,1,7,24.85,6,5,25,44,
20/9/2023,1,8,24.85,6,4,20,36,
20/9/2023,1,9,24.85,6,4,22,41,
20/9/2023,1,10,24.85,6,4,19,34,
20/9/2023,1,11,24.85,6,4,16,32,
20/9/2023,1,12,24.85,6,4,20,39,
20/9/2023,1,13,24.85,6,4,18,34,
20/9/2023,1,14,24.85,6,4,21,42,
20/9/2023,1,15,24.85,6,5,24,43,
20/9/2023,1,16,24.85,6,5,23,44,
20/9/2023,1,17,24.85,6,4,19,37,
20/9/2023,1,18,24.85,6,4,15,30,
20/9/2023,1,19,24.85,6,4,16,34,
20/9/2023,1,20,24.85,6,4,22,40,
20/9/2023,1,21,24.85,6,4,18,36,
20/9/2023,1,22,24.85,6,4,22,38,
20/9/2023,1,23,24.85,6,4,22,44,
20/9/2023,1,24,24.85,6,5,20,34,
20/9/2023,1,25,24.85,6,4,19,39,
20/9/2023,1,26,24.85,6,4,18,31,
20/9/2023,1,27,24.85,6,5,15,29,
20/9/2023,1,28,24.85,6,4,21,40,
20/9/2023,1,29,24.85,6,5,15,28,
20/9/2023,1,30,24.85,6,4,20,38,
20/9/2023,1,31,24.85,6,5,23,42,
20/9/2023,1,32,24.85,6,4,21,38,
20/9/2023,1,33,24.85,6,4,25,44,
20/9/2023,1,34,24.85,6,4,23,44,
20/9/2023,1,35,24.85,6,5,20,35,
20/9/2023,1,36,24.85,6,4,15,32,
20/9/2023,1,37,24.85,6,5,17,30,
20/9/2023,1,38,24.85,6,5,21,41,
20/9/2023,1,39,24.85,6,4,19,36,
20/9/2023,1,40,24.85,6,4,22,38,
20/9/2023,2,1,18,6,3,14,21,
20/9/2023,2,2,18,6,3,14,22,
20/9/2023,2,3,18,6,4,16,26,
20/9/2023,2,4,18,6,4,19,28,
20/9/2023,2,5,18,6,4,12,17,
20/9/2023,2,6,18,6,4,19,27,
20/9/2023,2,7,18,6,4,19,28,
20/9/2023,2,8,18,6,4,24,36,
20/9/2023,2,9,18,6,3,12,18,
20/9/2023,2,10,18,6,3,13,19,
20/9/2023,2,11,18,6,4,15,23,
20/9/2023,2,12,18,6,4,16,25,
20/9/2023,2,13,18,6,4,13,19,
20/9/2023,2,14,18,6,4,16,24,
20/9/2023,2,15,18,6,4,20,31,
20/9/2023,2,16,18,6,4,21,32,
20/9/2023,2,17,18,6,3,13,20,
20/9/2023,2,18,18,6,3,14,22,
20/9/2023,2,19,18,6,4,16,23,
20/9/2023,2,20,18,6,4,18,26,
20/9/2023,2,21,18,6,4,12,19,
20/9/2023,2,22,18,6,4,20,31,
20/9/2023,2,23,18,6,4,15,22,
20/9/2023,2,24,18,6,4,14,22,
20/9/2023,2,25,18,6,3,14,22,
20/9/2023,2,26,18,6,3,13,20,
20/9/2023,2,27,18,6,4,14,22,
20/9/2023,2,28,18,6,4,14,22,
20/9/2023,2,29,18,6,4,16,25,
20/9/2023,2,30,18,6,4,12,18,
20/9/2023,2,31,18,6,4,13,19,
20/9/2023,2,32,18,6,3,18,27,
20/9/2023,2,33,18,6,3,16,24,
20/9/2023,2,34,18,6,4,13,20,
20/9/2023,2,35,18,6,4,15,23,
20/9/2023,2,36,18,6,4,16,24,
20/9/2023,2,37,18,6,4,12,19,
20/9/2023,2,38,18,6,3,15,22,
20/9/2023,2,39,18,6,4,15,21,
20/9/2023,2,40,18,6,4,15,22,
21/9/2023,1,1,38,6,4,22,49,https://drive.google.com/drive/u/0/folders/1vdJ5yl-aLhL7zaG9a1gnKjmbroQSFubi
21/9/2023,1,2,38,6,4,19,43,
21/9/2023,1,3,38,6,4,15,38,
21/9/2023,1,4,38,6,4,23,48,
21/9/2023,1,5,38,6,4,19,42,
21/9/2023,1,6,38,6,4,23,49,
21/9/2023,1,7,38,6,5,27,53,
21/9/2023,1,8,38,6,4,21,45,
21/9/2023,1,9,38,6,4,24,50,
21/9/2023,1,10,38,6,4,20,41,
21/9/2023,1,11,38,6,4,18,42,
21/9/2023,1,12,38,6,4,21,46,
21/9/2023,1,13,38,6,4,20,45,
21/9/2023,1,14,38,6,4,22,51,
21/9/2023,1,15,38,6,5,26,51,
21/9/2023,1,16,38,6,5,25,51,
21/9/2023,1,17,38,6,4,21,45,
21/9/2023,1,18,38,6,4,17,38,
21/9/2023,1,19,38,6,4,18,44,
21/9/2023,1,20,38,6,4,24,51,
21/9/2023,1,21,38,6,4,19,46,
21/9/2023,1,22,38,6,4,23,45,
21/9/2023,1,23,38,6,4,24,53,
21/9/2023,1,24,38,6,5,21,43,
21/9/2023,1,25,38,6,4,20,47,
21/9/2023,1,26,38,6,4,20,41,
21/9/2023,1,27,38,6,5,17,38,
21/9/2023,1,28,38,6,4,22,50,
21/9/2023,1,29,38,6,5,16,35,
21/9/2023,1,30,38,6,4,22,45,
21/9/2023,1,31,38,6,5,24,49,
21/9/2023,1,32,38,6,4,23,47,
21/9/2023,1,32,38,6,4,26,53,
21/9/2023,1,33,38,6,4,24,55,
21/9/2023,1,34,38,6,5,22,46,
21/9/2023,1,35,38,6,4,17,42,
21/9/2023,1,36,38,6,5,18,38,
21/9/2023,1,37,38,6,5,22,48,
21/9/2023,1,38,38,6,4,21,43,
21/9/2023,1,39,38,6,4,24,45,
21/9/2023,1,40,38,6,3,14,22,
21/9/2023,2,1,12,6.8,3,14,23,
21/9/2023,2,2,12,6.8,4,17,26,
21/9/2023,2,3,12,6.8,4,19,28,
21/9/2023,2,4,12,6.8,4,12,17,
21/9/2023,2,5,12,6.8,4,19,27,
21/9/2023,2,6,12,6.8,4,19,28,
21/9/2023,2,7,12,6.8,4,25,37,
21/9/2023,2,8,12,6.8,3,12,18,
21/9/2023,2,9,12,6.8,3,14,20,
21/9/2023,2,10,12,6.8,4,15,23,
21/9/2023,2,11,12,6.8,4,17,25,
21/9/2023,2,12,12,6.8,4,13,20,
21/9/2023,2,13,12,6.8,4,16,24,
21/9/2023,2,14,12,6.8,4,20,32,
21/9/2023,2,15,12,6.8,4,22,32,
21/9/2023,2,16,12,6.8,3,13,21,
21/9/2023,2,17,12,6.8,3,14,23,
21/9/2023,2,18,12,6.8,4,17,24,
21/9/2023,2,19,12,6.8,4,19,26,
21/9/2023,2,20,12,6.8,4,13,20,
21/9/2023,2,21,12,6.8,4,21,31,
21/9/2023,2,22,12,6.8,4,15,22,
21/9/2023,2,23,12,6.8,4,15,23,
21/9/2023,2,24,12,6.8,3,14,22,
21/9/2023,2,25,12,6.8,3,14,21,
21/9/2023,2,26,12,6.8,4,15,22,
21/9/2023,2,27,12,6.8,4,15,23,
21/9/2023,2,28,12,6.8,4,16,25,
21/9/2023,2,29,12,6.8,4,13,18,
21/9/2023,2,30,12,6.8,4,13,19,
21/9/2023,2,31,12,6.8,3,19,27,
21/9/2023,2,32,12,6.8,3,17,25,
21/9/2023,2,33,12,6.8,4,14,21,
21/9/2023,2,34,12,6.8,4,16,24,
21/9/2023,2,35,12,6.8,4,16,24,
21/9/2023,2,36,12,6.8,4,13,20,
21/9/2023,2,37,12,6.8,3,15,23,
21/9/2023,2,38,12,6.8,4,15,22,
21/9/2023,2,39,12,6.8,4,15,23,
21/9/2023,2,40,12,6.8,4,16,23,
22/9/2023,1,1,3.67,7.51,4,24,58,
22/9/2023,1,2,3.67,7.51,4,21,55,
22/9/2023,1,3,3.67,7.51,4,18,43,
22/9/2023,1,4,3.67,7.51,4,24,52,
22/9/2023,1,5,3.67,7.51,4,19,52,
22/9/2023,1,6,3.67,7.51,4,25,55,
22/9/2023,1,7,3.67,7.51,5,28,67,
22/9/2023,1,8,3.67,7.51,4,22,57,
22/9/2023,1,9,3.67,7.51,4,25,58,
22/9/2023,1,10,3.67,7.51,4,23,49,
22/9/2023,1,11,3.67,7.51,4,18,54,
22/9/2023,1,12,3.67,7.51,4,23,59,
22/9/2023,1,13,3.67,7.51,4,22,58,
22/9/2023,1,14,3.67,7.51,4,24,57,
22/9/2023,1,15,3.67,7.51,5,28,62,
22/9/2023,1,16,3.67,7.51,5,26,59,
22/9/2023,1,17,3.67,7.51,4,23,52,
22/9/2023,1,18,3.67,7.51,4,18,48,
22/9/2023,1,19,3.67,7.51,4,20,53,
22/9/2023,1,20,3.67,7.51,4,25,57,
22/9/2023,1,21,3.67,7.51,4,22,51,
22/9/2023,1,22,3.67,7.51,4,23,61,
22/9/2023,1,23,3.67,7.51,4,26,59,
22/9/2023,1,24,3.67,7.51,5,23,54,
22/9/2023,1,25,3.67,7.51,4,23,60,
22/9/2023,1,26,3.67,7.51,4,21,50,
22/9/2023,1,27,3.67,7.51,5,19,47,
22/9/2023,1,28,3.67,7.51,4,23,55,
22/9/2023,1,29,3.67,7.51,5,19,48,
22/9/2023,1,30,3.67,7.51,4,22,59,
22/9/2023,1,31,3.67,7.51,5,28,59,
22/9/2023,1,32,3.67,7.51,4,25,61,
22/9/2023,1,33,3.67,7.51,4,26,60,
22/9/2023,1,34,3.67,7.51,4,25,62,
22/9/2023,1,35,3.67,7.51,5,24,53,
22/9/2023,1,36,3.67,7.51,4,18,44,
22/9/2023,1,37,3.67,7.51,5,19,53,
22/9/2023,1,38,3.67,7.51,5,24,55,
22/9/2023,1,39,3.67,7.51,4,21,52,
22/9/2023,1,40,3.67,7.51,4,25,61,
22/9/2023,2,1,30,6.2,3,15,21,
22/9/2023,2,2,30,6.2,3,16,22,
22/9/2023,2,3,30,6.2,4,17,28,
22/9/2023,2,4,30,6.2,4,19,29,
22/9/2023,2,5,30,6.2,4,12,19,
22/9/2023,2,6,30,6.2,4,19,28,
22/9/2023,2,7,30,6.2,4,20,31,
22/9/2023,2,8,30,6.2,4,26,38,
22/9/2023,2,9,30,6.2,3,14,19,
22/9/2023,2,10,30,6.2,3,14,20,
22/9/2023,2,11,30,6.2,4,14,24,
22/9/2023,2,12,30,6.2,4,19,26,
22/9/2023,2,13,30,6.2,4,14,21,
22/9/2023,2,14,30,6.2,4,16,26,
22/9/2023,2,15,30,6.2,4,20,33,
22/9/2023,2,16,30,6.2,4,22,35,
22/9/2023,2,17,30,6.2,3,12,22,
22/9/2023,2,18,30,6.2,3,15,23,
22/9/2023,2,19,30,6.2,4,16,25,
22/9/2023,2,20,30,6.2,4,18,28,
22/9/2023,2,21,30,6.2,4,15,20,
22/9/2023,2,22,30,6.2,4,23,32,
22/9/2023,2,23,30,6.2,4,14,23,
22/9/2023,2,24,30,6.2,4,17,22,
22/9/2023,2,25,30,6.2,3,16,23,
22/9/2023,2,26,30,6.2,3,13,22,
22/9/2023,2,27,30,6.2,4,16,23,
22/9/2023,2,28,30,6.2,4,15,24,
22/9/2023,2,29,30,6.2,4,18,25,
22/9/2023,2,30,30,6.2,4,13,20,
22/9/2023,2,31,30,6.2,4,13,20,
22/9/2023,2,32,30,6.2,3,20,29,
22/9/2023,2,33,30,6.2,3,15,25,
22/9/2023,2,34,30,6.2,4,14,22,
22/9/2023,2,35,30,6.2,4,16,23,
22/9/2023,2,36,30,6.2,4,18,27,
22/9/2023,2,37,30,6.2,4,14,21,
22/9/2023,2,38,30,6.2,3,14,23,
22/9/2023,2,39,30,6.2,4,15,21,
22/9/2023,2,40,30,6.2,4,15,24,
23/9/2023,1,1,6.53,7.62,4,25,66,
23/9/2023,1,2,6.53,7.62,4,23,64,
23/9/2023,1,3,6.53,7.62,4,19,51,
23/9/2023,1,4,6.53,7.62,4,25,60,
23/9/2023,1,5,6.53,7.62,4,20,63,
23/9/2023,1,6,6.53,7.62,4,26,63,
23/9/2023,1,7,6.53,7.62,5,29,77,
23/9/2023,1,8,6.53,7.62,4,23,64,
23/9/2023,1,9,6.53,7.62,4,26,67,
23/9/2023,1,10,6.53,7.62,4,25,56,
23/9/2023,1,11,6.53,7.62,4,19,61,
23/9/2023,1,12,6.53,7.62,4,24,66,
23/9/2023,1,13,6.53,7.62,4,23,65,
23/9/2023,1,14,6.53,7.62,4,26,64,
23/9/2023,1,15,6.53,7.62,5,29,73,
23/9/2023,1,16,6.53,7.62,5,27,66,
23/9/2023,1,17,6.53,7.62,4,24,59,
23/9/2023,1,18,6.53,7.62,4,19,58,
23/9/2023,1,19,6.53,7.62,4,21,62,
23/9/2023,1,20,6.53,7.62,4,26,67,
23/9/2023,1,21,6.53,7.62,4,23,58,
23/9/2023,1,22,6.53,7.62,4,24,70,
23/9/2023,1,23,6.53,7.62,4,28,68,
23/9/2023,1,24,6.53,7.62,5,25,63,
23/9/2023,1,25,6.53,7.62,4,25,71,
23/9/2023,1,26,6.53,7.62,4,22,57,
23/9/2023,1,27,6.53,7.62,5,20,56,
23/9/2023,1,28,6.53,7.62,4,25,65,
23/9/2023,1,29,6.53,7.62,5,21,55,
23/9/2023,1,30,6.53,7.62,4,23,68,
23/9/2023,1,31,6.53,7.62,5,30,69,
23/9/2023,1,32,6.53,7.62,4,26,69,
23/9/2023,1,33,6.53,7.62,4,28,69,
23/9/2023,1,34,6.53,7.62,4,27,70,
23/9/2023,1,35,6.53,7.62,5,25,60,
23/9/2023,1,36,6.53,7.62,4,19,54,
23/9/2023,1,37,6.53,7.62,5,21,62,
23/9/2023,1,38,6.53,7.62,5,26,66,
23/9/2023,1,39,6.53,7.62,4,22,61,
23/9/2023,1,40,6.53,7.62,4,27,69,
23/9/2023,2,1,24,6,3,15,22,
23/9/2023,2,2,24,6,3,17,22,
23/9/2023,2,3,24,6,4,17,29,
23/9/2023,2,4,24,6,4,20,29,
23/9/2023,2,5,24,6,4,13,20,
23/9/2023,2,6,24,6,4,19,28,
23/9/2023,2,7,24,6,4,20,31,
23/9/2023,2,8,24,6,4,26,39,
23/9/2023,2,9,24,6,3,14,19,
23/9/2023,2,10,24,6,3,14,20,
23/9/2023,2,11,24,6,4,15,24,
23/9/2023,2,12,24,6,4,19,27,
23/9/2023,2,13,24,6,4,15,22,
23/9/2023,2,14,24,6,4,17,27,
23/9/2023,2,15,24,6,4,20,34,
23/9/2023,2,16,24,6,4,23,36,
23/9/2023,2,17,24,6,3,13,23,
23/9/2023,2,18,24,6,3,15,23,
23/9/2023,2,19,24,6,4,17,25,
23/9/2023,2,20,24,6,4,19,28,
23/9/2023,2,21,24,6,4,15,20,
23/9/2023,2,22,24,6,4,24,33,
23/9/2023,2,23,24,6,4,15,24,
23/9/2023,2,24,24,6,4,18,23,
23/9/2023,2,25,24,6,3,16,23,
23/9/2023,2,26,24,6,3,13,22,
23/9/2023,2,27,24,6,4,17,24,
23/9/2023,2,28,24,6,4,16,25,
23/9/2023,2,29,24,6,4,19,25,
23/9/2023,2,30,24,6,4,13,20,
23/9/2023,2,31,24,6,4,14,21,
23/9/2023,2,32,24,6,3,21,30,
23/9/2023,2,33,24,6,3,16,25,
23/9/2023,2,34,24,6,4,14,23,
23/9/2023,2,35,24,6,4,16,24,
23/9/2023,2,36,24,6,4,18,28,
23/9/2023,2,37,24,6,4,14,21,
23/9/2023,2,38,24,6,3,14,24,
23/9/2023,2,39,24,6,4,15,22,
23/9/2023,2,40,24,6,4,15,24,
24/9/2023,1,1,6.53,6,4,28,75,
24/9/2023,1,2,6.53,6,4,26,74,
24/9/2023,1,3,6.53,6,4,22,58,
24/9/2023,1,4,6.53,6,4,28,68,
24/9/2023,1,5,6.53,6,4,22,72,
24/9/2023,1,6,6.53,6,4,28,74,
24/9/2023,1,7,6.53,6,5,32,88,
24/9/2023,1,8,6.53,6,4,26,71,
24/9/2023,1,9,6.53,6,4,28,75,
24/9/2023,1,10,6.53,6,4,28,66,
24/9/2023,1,11,6.53,6,4,22,70,
24/9/2023,1,12,6.53,6,4,27,74,
24/9/2023,1,13,6.53,6,4,26,75,
24/9/2023,1,14,6.53,6,4,29,71,
24/9/2023,1,15,6.53,6,5,32,82,
24/9/2023,1,16,6.53,6,5,30,73,
24/9/2023,1,17,6.53,6,4,26,70,
24/9/2023,1,18,6.53,6,4,22,65,
24/9/2023,1,19,6.53,6,4,23,73,
24/9/2023,1,20,6.53,6,4,29,78,
24/9/2023,1,21,6.53,6,4,26,65,
24/9/2023,1,22,6.53,6,4,26,79,
24/9/2023,1,23,6.53,6,4,31,79,
24/9/2023,1,24,6.53,6,5,27,71,
24/9/2023,1,25,6.53,6,4,28,80,
24/9/2023,1,26,6.53,6,4,24,65,
24/9/2023,1,27,6.53,6,5,23,63,
24/9/2023,1,28,6.53,6,4,28,74,
24/9/2023,1,29,6.53,6,5,23,66,
24/9/2023,1,30,6.53,6,4,26,77,
24/9/2023,1,31,6.53,6,5,32,79,
24/9/2023,1,32,6.53,6,4,29,80,
24/9/2023,1,33,6.53,6,4,31,79,
24/9/2023,1,34,6.53,6,4,29,77,
24/9/2023,1,35,6.53,6,5,28,70,
24/9/2023,1,36,6.53,6,4,21,62,
24/9/2023,1,37,6.53,6,5,24,71,
24/9/2023,1,38,6.53,6,5,29,75,
24/9/2023,1,39,6.53,6,4,24,69,
24/9/2023,1,40,6.53,6,4,29,79,
24/9/2023,2,1,28,6,3,16,23,
24/9/2023,2,2,28,6,3,18,22,
24/9/2023,2,3,28,6,4,18,29,
24/9/2023,2,4,28,6,4,21,29,
24/9/2023,2,5,28,6,4,13,21,
24/9/2023,2,6,28,6,4,19,28,
24/9/2023,2,7,28,6,4,20,31,
24/9/2023,2,8,28,6,4,26,39,
24/9/2023,2,9,28,6,3,14,19,
24/9/2023,2,10,28,6,3,14,21,
24/9/2023,2,11,28,6,4,15,24,
24/9/2023,2,12,28,6,4,20,28,
24/9/2023,2,13,28,6,4,15,23,
24/9/2023,2,14,28,6,4,18,27,
24/9/2023,2,15,28,6,4,21,34,
24/9/2023,2,16,28,6,4,23,36,
24/9/2023,2,17,28,6,3,13,23,
24/9/2023,2,18,28,6,3,15,24,
24/9/2023,2,19,28,6,4,17,26,
24/9/2023,2,20,28,6,4,20,28,
24/9/2023,2,21,28,6,4,15,20,
24/9/2023,2,22,28,6,4,25,34,
24/9/2023,2,23,28,6,4,15,25,
24/9/2023,2,24,28,6,4,19,23,
24/9/2023,2,25,28,6,3,17,23,
24/9/2023,2,26,28,6,3,14,22,
24/9/2023,2,27,28,6,4,18,25,
24/9/2023,2,28,28,6,4,16,25,
24/9/2023,2,29,28,6,4,20,26,
24/9/2023,2,30,28,6,4,14,21,
24/9/2023,2,31,28,6,4,14,22,
24/9/2023,2,32,28,6,3,21,31,
24/9/2023,2,33,28,6,3,16,25,
24/9/2023,2,34,28,6,4,15,24,
24/9/2023,2,35,28,6,4,16,24,
24/9/2023,2,36,28,6,4,19,29,
24/9/2023,2,37,28,6,4,15,21,
24/9/2023,2,38,28,6,3,14,25,
24/9/2023,2,39,28,6,4,15,23,
24/9/2023,2,40,28,6,4,16,24,
25/9/2023,1,1,13,6,4,30,84,
25/9/2023,1,2,13,6,4,29,83,
25/9/2023,1,3,13,6,4,24,66,
25/9/2023,1,4,13,6,4,30,76,
25/9/2023,1,5,13,6,4,24,83,
25/9/2023,1,6,13,6,4,30,84,
25/9/2023,1,7,13,6,5,34,98,
25/9/2023,1,8,13,6,4,28,79,
25/9/2023,1,9,13,6,4,31,85,
25/9/2023,1,10,13,6,4,31,75,
25/9/2023,1,11,13,6,4,24,77,
25/9/2023,1,12,13,6,4,29,83,
25/9/2023,1,13,13,6,4,29,82,
25/9/2023,1,14,13,6,4,32,79,
25/9/2023,1,15,13,6,5,35,91,
25/9/2023,1,16,13,6,5,32,80,
25/9/2023,1,17,13,6,4,29,77,
25/9/2023,1,18,13,6,4,24,75,
25/9/2023,1,19,13,6,4,25,81,
25/9/2023,1,20,13,6,4,31,85,
25/9/2023,1,21,13,6,4,29,75,
25/9/2023,1,22,13,6,4,29,86,
25/9/2023,1,23,13,6,4,33,90,
25/9/2023,1,24,13,6,5,30,80,
25/9/2023,1,25,13,6,4,30,90,
25/9/2023,1,26,13,6,4,27,75,
25/9/2023,1,27,13,6,5,26,74,
25/9/2023,1,28,13,6,4,30,82,
25/9/2023,1,29,13,6,5,26,77,
25/9/2023,1,30,13,6,4,29,85,
25/9/2023,1,31,13,6,5,34,90,
25/9/2023,1,32,13,6,4,32,89,
25/9/2023,1,33,13,6,4,34,87,
25/9/2023,1,34,13,6,4,32,85,
25/9/2023,1,35,13,6,5,30,79,
25/9/2023,1,36,13,6,4,23,73,
25/9/2023,1,37,13,6,5,27,80,
25/9/2023,1,38,13,6,5,31,82,
25/9/2023,1,39,13,6,4,27,77,
25/9/2023,1,40,13,6,4,31,87,
25/9/2023,2,1,28,6,3,17,24,
25/9/2023,2,2,28,6,3,18,23,
25/9/2023,2,3,28,6,4,19,31,
25/9/2023,2,4,28,6,4,21,30,
25/9/2023,2,5,28,6,4,14,22,
25/9/2023,2,6,28,6,4,20,30,
25/9/2023,2,7,28,6,4,21,33,
25/9/2023,2,8,28,6,4,26,40,
25/9/2023,2,9,28,6,3,15,21,
25/9/2023,2,10,28,6,3,14,23,
25/9/2023,2,11,28,6,4,15,25,
25/9/2023,2,12,28,6,4,20,29,
25/9/2023,2,13,28,6,4,16,24,
25/9/2023,2,14,28,6,4,18,28,
25/9/2023,2,15,28,6,4,22,35,
25/9/2023,2,16,28,6,4,23,37,
25/9/2023,2,17,28,6,3,13,24,
25/9/2023,2,18,28,6,3,15,26,
25/9/2023,2,19,28,6,4,18,27,
25/9/2023,2,20,28,6,4,20,30,
25/9/2023,2,21,28,6,4,16,21,
25/9/2023,2,22,28,6,4,25,35,
25/9/2023,2,23,28,6,4,15,27,
25/9/2023,2,24,28,6,4,20,25,
25/9/2023,2,25,28,6,3,17,24,
25/9/2023,2,26,28,6,3,14,23,
25/9/2023,2,27,28,6,4,18,27,
25/9/2023,2,28,28,6,4,16,26,
25/9/2023,2,29,28,6,4,21,27,
25/9/2023,2,30,28,6,4,14,22,
25/9/2023,2,31,28,6,4,14,23,
25/9/2023,2,32,28,6,3,22,32,
25/9/2023,2,33,28,6,3,17,26,
25/9/2023,2,34,28,6,4,15,26,
25/9/2023,2,35,28,6,4,16,26,
25/9/2023,2,36,28,6,4,20,30,
25/9/2023,2,37,28,6,4,15,22,
25/9/2023,2,38,28,6,3,15,26,
25/9/2023,2,39,28,6,4,15,25,
25/9/2023,2,40,28,6,4,16,26,
26/9/2023,1,1,6.53,8.05,4,32,92,
26/9/2023,1,2,6.53,8.05,4,29,93,
26/9/2023,1,3,6.53,8.05,4,28,82,
26/9/2023,1,4,6.53,8.05,4,33,94,
26/9/2023,1,5,6.53,8.05,4,29,88,
26/9/2023,1,6,6.53,8.05,4,35,91,
26/9/2023,1,7,6.53,8.05,5,37,100,
26/9/2023,1,8,6.53,8.05,4,33,89,
26/9/2023,1,9,6.53,8.05,4,35,96,
26/9/2023,1,10,6.53,8.05,4,31,90,
26/9/2023,1,11,6.53,8.05,4,29,87,
26/9/2023,1,12,6.53,8.05,4,34,95,
26/9/2023,1,13,6.53,8.05,4,27,82,
26/9/2023,1,14,6.53,8.05,4,33,84,
26/9/2023,1,15,6.53,8.05,5,36,95,
26/9/2023,1,16,6.53,8.05,5,34,94,
26/9/2023,1,17,6.53,8.05,4,32,86,
26/9/2023,1,18,6.53,8.05,4,29,87,
26/9/2023,1,19,6.53,8.05,4,28,85,
26/9/2023,1,20,6.53,8.05,4,34,94,
26/9/2023,1,21,6.53,8.05,4,33,94,
26/9/2023,1,22,6.53,8.05,4,33,94,
26/9/2023,1,23,6.53,8.05,4,34,96,
26/9/2023,1,24,6.53,8.05,5,33,86,
26/9/2023,1,25,6.53,8.05,4,31,92,
26/9/2023,1,26,6.53,8.05,4,29,86,
26/9/2023,1,27,6.53,8.05,5,27,84,
26/9/2023,1,28,6.53,8.05,4,34,100,
26/9/2023,1,29,6.53,8.05,5,28,81,
26/9/2023,1,30,6.53,8.05,4,32,87,
26/9/2023,1,31,6.53,8.05,5,35,100,
26/9/2023,1,32,6.53,8.05,4,31,91,
26/9/2023,1,33,6.53,8.05,4,35,103,
26/9/2023,1,34,6.53,8.05,4,34,95,
26/9/2023,1,35,6.53,8.05,5,32,92,
26/9/2023,1,36,6.53,8.05,4,28,87,
26/9/2023,1,37,6.53,8.05,5,26,87,
26/9/2023,1,38,6.53,8.05,5,32,97,
26/9/2023,1,39,6.53,8.05,4,28,82,
26/9/2023,1,40,6.53,8.05,4,34,93,
26/9/2023,2,1,38,6,3,16,27,
26/9/2023,2,2,38,6,3,19,26,
26/9/2023,2,3,38,6,4,21,32,
26/9/2023,2,4,38,6,4,22,33,
26/9/2023,2,5,38,6,4,15,22,
26/9/2023,2,6,38,6,4,21,34,
26/9/2023,2,7,38,6,4,21,34,
26/9/2023,2,8,38,6,4,26,41,
26/9/2023,2,9,38,6,3,15,24,
26/9/2023,2,10,38,6,3,16,25,
26/9/2023,2,11,38,6,4,19,27,
26/9/2023,2,12,38,6,4,20,27,
26/9/2023,2,13,38,6,4,16,25,
26/9/2023,2,14,38,6,4,18,30,
26/9/2023,2,15,38,6,4,23,35,
26/9/2023,2,16,38,6,4,25,36,
26/9/2023,2,17,38,6,3,12,26,
26/9/2023,2,18,38,6,3,18,27,
26/9/2023,2,19,38,6,4,19,27,
26/9/2023,2,20,38,6,4,21,29,
26/9/2023,2,21,38,6,4,14,26,
26/9/2023,2,22,38,6,4,21,36,
26/9/2023,2,23,38,6,4,18,27,
26/9/2023,2,24,38,6,4,18,25,
26/9/2023,2,25,38,6,3,18,31,
26/9/2023,2,26,38,6,3,18,22,
26/9/2023,2,27,38,6,4,16,28,
26/9/2023,2,28,38,6,4,19,27,
26/9/2023,2,29,38,6,4,20,29,
26/9/2023,2,30,38,6,4,16,22,
26/9/2023,2,31,38,6,4,16,23,
26/9/2023,2,32,38,6,3,22,34,
26/9/2023,2,33,38,6,3,17,30,
26/9/2023,2,34,38,6,4,15,24,
26/9/2023,2,35,38,6,4,18,26,
26/9/2023,2,36,38,6,4,20,32,
26/9/2023,2,37,38,6,4,16,24,
26/9/2023,2,38,38,6,3,16,28,
26/9/2023,2,39,38,6,4,16,28,
26/9/2023,2,40,38,6,4,18,29,
27/9/2023,1,1,6.53,7.47,4,36,99,
27/9/2023,1,2,6.53,7.47,4,33,103,
27/9/2023,1,3,6.53,7.47,4,31,92,
27/9/2023,1,4,6.53,7.47,4,36,101,
27/9/2023,1,5,6.53,7.47,4,32,96,
27/9/2023,1,6,6.53,7.47,4,39,99,
27/9/2023,1,7,6.53,7.47,5,41,109,
27/9/2023,1,8,6.53,7.47,4,37,100,
27/9/2023,1,9,6.53,7.47,4,39,107,
27/9/2023,1,10,6.53,7.47,4,34,99,
27/9/2023,1,11,6.53,7.47,4,32,95,
27/9/2023,1,12,6.53,7.47,4,37,104,
27/9/2023,1,13,6.53,7.47,4,31,89,
27/9/2023,1,14,6.53,7.47,4,36,92,
27/9/2023,1,15,6.53,7.47,5,40,104,
27/9/2023,1,16,6.53,7.47,5,38,102,
27/9/2023,1,17,6.53,7.47,4,36,95,
27/9/2023,1,18,6.53,7.47,4,33,94,
27/9/2023,1,19,6.53,7.47,4,32,93,
27/9/2023,1,20,6.53,7.47,4,38,102,
27/9/2023,1,21,6.53,7.47,4,37,104,
27/9/2023,1,22,6.53,7.47,4,36,102,
27/9/2023,1,23,6.53,7.47,4,38,103,
27/9/2023,1,24,6.53,7.47,5,36,97,
27/9/2023,1,25,6.53,7.47,4,35,99,
27/9/2023,1,26,6.53,7.47,4,32,95,
27/9/2023,1,27,6.53,7.47,5,31,92,
27/9/2023,1,28,6.53,7.47,4,38,108,
27/9/2023,1,29,6.53,7.47,5,31,90,
27/9/2023,1,30,6.53,7.47,4,35,98,
27/9/2023,1,31,6.53,7.47,5,38,107,
27/9/2023,1,32,6.53,7.47,4,34,102,
27/9/2023,1,33,6.53,7.47,4,38,112,
27/9/2023,1,34,6.53,7.47,4,38,106,
27/9/2023,1,35,6.53,7.47,5,35,102,
27/9/2023,1,36,6.53,7.47,4,31,96,
27/9/2023,1,37,6.53,7.47,5,29,98,
27/9/2023,1,38,6.53,7.47,5,35,104,
27/9/2023,1,39,6.53,7.47,4,32,89,
27/9/2023,1,40,6.53,7.47,4,37,102,
27/9/2023,2,1,24,6,4,17,29,
27/9/2023,2,2,24,6,4,19,28,
27/9/2023,2,3,24,6,4,21,34,
27/9/2023,2,4,24,6,4,23,34,
27/9/2023,2,5,24,6,4,15,23,
27/9/2023,2,6,24,6,4,22,36,
27/9/2023,2,7,24,6,4,22,36,
27/9/2023,2,8,24,6,4,27,43,
27/9/2023,2,9,24,6,4,16,25,
27/9/2023,2,10,24,6,5,16,27,
27/9/2023,2,11,24,6,4,20,29,
27/9/2023,2,12,24,6,4,20,28,
27/9/2023,2,13,24,6,4,17,26,
27/9/2023,2,14,24,6,4,19,31,
27/9/2023,2,15,24,6,4,24,36,
27/9/2023,2,16,24,6,4,25,37,
27/9/2023,2,17,24,6,3,12,27,
27/9/2023,2,18,24,6,3,19,29,
27/9/2023,2,19,24,6,4,20,29,
27/9/2023,2,20,24,6,4,21,31,
27/9/2023,2,21,24,6,4,14,28,
27/9/2023,2,22,24,6,4,22,38,
27/9/2023,2,23,24,6,4,18,29,
27/9/2023,2,24,24,6,4,19,26,
27/9/2023,2,25,24,6,3,19,32,
27/9/2023,2,26,24,6,3,19,23,
27/9/2023,2,27,24,6,4,16,30,
27/9/2023,2,28,24,6,4,19,28,
27/9/2023,2,29,24,6,4,21,31,
27/9/2023,2,30,24,6,4,17,24,
27/9/2023,2,31,24,6,4,16,24,
27/9/2023,2,32,24,6,3,23,36,
27/9/2023,2,33,24,6,3,17,31,
27/9/2023,2,34,24,6,4,15,25,
27/9/2023,2,35,24,6,4,18,28,
27/9/2023,2,36,24,6,4,20,33,
27/9/2023,2,37,24,6,4,17,25,
27/9/2023,2,38,24,6,3,17,30,
27/9/2023,2,39,24,6,4,17,29,
27/9/2023,2,40,24,6,4,19,30,
28/9/2023,1,1,6.53,7.58,4,40,109,
28/9/2023,1,2,6.53,7.58,4,37,112,
28/9/2023,1,3,6.53,7.58,4,34,101,
28/9/2023,1,4,6.53,7.58,4,40,113,
28/9/2023,1,5,6.53,7.58,4,35,104,
28/9/2023,1,6,6.53,7.58,4,42,109,
28/9/2023,1,7,6.53,7.58,5,44,118,
28/9/2023,1,8,6.53,7.58,4,41,111,
28/9/2023,1,9,6.53,7.58,4,43,116,
28/9/2023,1,10,6.53,7.58,4,38,109,
28/9/2023,1,11,6.53,7.58,4,35,106,
28/9/2023,1,12,6.53,7.58,4,40,113,
28/9/2023,1,13,6.53,7.58,4,34,101,
28/9/2023,1,14,6.53,7.58,4,40,101,
28/9/2023,1,15,6.53,7.58,5,43,112,
28/9/2023,1,16,6.53,7.58,5,42,114,
28/9/2023,1,17,6.53,7.58,4,39,105,
28/9/2023,1,18,6.53,7.58,4,36,105,
28/9/2023,1,19,6.53,7.58,4,35,105,
28/9/2023,1,20,6.53,7.58,4,41,113,
28/9/2023,1,21,6.53,7.58,4,40,116,
28/9/2023,1,22,6.53,7.58,4,40,112,
28/9/2023,1,23,6.53,7.58,4,41,111,
28/9/2023,1,24,6.53,7.58,5,39,106,
28/9/2023,1,25,6.53,7.58,4,38,109,
28/9/2023,1,26,6.53,7.58,4,36,104,
28/9/2023,1,27,6.53,7.58,5,34,101,
28/9/2023,1,28,6.53,7.58,4,41,120,
28/9/2023,1,29,6.53,7.58,5,34,99,
28/9/2023,1,30,6.53,7.58,4,38,109,
28/9/2023,1,31,6.53,7.58,5,41,115,
28/9/2023,1,32,6.53,7.58,4,38,114,
28/9/2023,1,33,6.53,7.58,4,41,120,
28/9/2023,1,34,6.53,7.58,4,41,116,
28/9/2023,1,35,6.53,7.58,5,38,112,
28/9/2023,1,36,6.53,7.58,4,34,108,
28/9/2023,1,37,6.53,7.58,5,32,108,
28/9/2023,1,38,6.53,7.58,5,39,112,
28/9/2023,1,39,6.53,7.58,4,36,97,
28/9/2023,1,40,6.53,7.58,4,40,112,
28/9/2023,2,1,10,6,4,18,30,
28/9/2023,2,2,10,6,4,21,30,
28/9/2023,2,3,10,6,4,23,35,
28/9/2023,2,4,10,6,4,24,36,
28/9/2023,2,5,10,6,4,16,25,
28/9/2023,2,6,10,6,4,24,37,
28/9/2023,2,7,10,6,4,23,37,
28/9/2023,2,8,10,6,4,28,44,
28/9/2023,2,9,10,6,4,17,27,
28/9/2023,2,10,10,6,5,17,28,
28/9/2023,2,11,10,6,4,22,31,
28/9/2023,2,12,10,6,4,22,30,
28/9/2023,2,13,10,6,4,18,28,
28/9/2023,2,14,10,6,4,20,32,
28/9/2023,2,15,10,6,4,26,37,
28/9/2023,2,16,10,6,4,26,38,
28/9/2023,2,17,10,6,3,14,29,
28/9/2023,2,18,10,6,3,21,31,
28/9/2023,2,19,10,6,4,22,31,
28/9/2023,2,20,10,6,4,22,32,
28/9/2023,2,21,10,6,4,16,29,
28/9/2023,2,22,10,6,4,24,39,
28/9/2023,2,23,10,6,4,19,30,
28/9/2023,2,24,10,6,4,20,28,
28/9/2023,2,25,10,6,3,21,34,
28/9/2023,2,26,10,6,3,20,24,
28/9/2023,2,27,10,6,4,18,32,
28/9/2023,2,28,10,6,4,21,30,
28/9/2023,2,29,10,6,4,23,33,
28/9/2023,2,30,10,6,4,18,26,
28/9/2023,2,31,10,6,4,18,26,
28/9/2023,2,32,10,6,3,24,38,
28/9/2023,2,33,10,6,3,19,33,
28/9/2023,2,34,10,6,4,17,27,
28/9/2023,2,35,10,6,4,19,29,
28/9/2023,2,36,10,6,4,22,35,
28/9/2023,2,37,10,6,4,18,27,
28/9/2023,2,38,10,6,3,19,31,
28/9/2023,2,39,10,6,4,18,30,
28/9/2023,2,40,10,6,4,21,32,
29/9/2023,1,1,6.53,7.83,4,45,125,
29/9/2023,1,2,6.53,7.83,4,39,120,
29/9/2023,1,3,6.53,7.83,4,39,118,
29/9/2023,1,4,6.53,7.83,4,43,125,
29/9/2023,1,5,6.53,7.83,4,43,127,
29/9/2023,1,6,6.53,7.83,4,45,128,
29/9/2023,1,7,6.53,7.83,4,50,134,
29/9/2023,1,8,6.53,7.83,4,42,119,
29/9/2023,1,9,6.53,7.83,4,41,118,
29/9/2023,1,10,6.53,7.83,4,44,119,
29/9/2023,1,11,6.53,7.83,4,39,121,
29/9/2023,1,12,6.53,7.83,4,43,122,
29/9/2023,1,13,6.53,7.83,4,41,121,
29/9/2023,1,14,6.53,7.83,4,47,120,
29/9/2023,1,15,6.53,7.83,4,45,127,
29/9/2023,1,16,6.53,7.83,4,44,126,
29/9/2023,1,17,6.53,7.83,4,43,118,
29/9/2023,1,18,6.53,7.83,4,37,118,
29/9/2023,1,19,6.53,7.83,4,37,115,
29/9/2023,1,20,6.53,7.83,4,45,124,
29/9/2023,1,21,6.53,7.83,4,42,115,
29/9/2023,1,22,6.53,7.83,4,44,123,
29/9/2023,1,23,6.53,7.83,4,44,131,
29/9/2023,1,24,6.53,7.83,4,41,118,
29/9/2023,1,25,6.53,7.83,4,40,125,
29/9/2023,1,26,6.53,7.83,4,40,122,
29/9/2023,1,27,6.53,7.83,4,35,121,
29/9/2023,1,28,6.53,7.83,4,44,118,
29/9/2023,1,29,6.53,7.83,4,39,119,
29/9/2023,1,30,6.53,7.83,4,44,118,
29/9/2023,1,31,6.53,7.83,4,47,128,
29/9/2023,1,32,6.53,7.83,4,48,121,
29/9/2023,1,33,6.53,7.83,4,49,139,
29/9/2023,1,34,6.53,7.83,4,48,120,
29/9/2023,1,35,6.53,7.83,4,43,115,
29/9/2023,1,36,6.53,7.83,4,41,115,
29/9/2023,1,37,6.53,7.83,4,35,117,
29/9/2023,1,38,6.53,7.83,4,46,118,
29/9/2023,1,39,6.53,7.83,4,41,117,
29/9/2023,1,40,6.53,7.83,4,44,124,
29/9/2023,2,1,14,6,4,22,29,
29/9/2023,2,2,14,6,5,22,29,
29/9/2023,2,3,14,6,4,23,37,
29/9/2023,2,4,14,6,4,27,36,
29/9/2023,2,5,14,6,4,17,26,
29/9/2023,2,6,14,6,4,25,37,
29/9/2023,2,7,14,6,4,24,37,
29/9/2023,2,8,14,6,4,30,45,
29/9/2023,2,9,14,6,4,21,27,
29/9/2023,2,10,14,6,5,21,30,
29/9/2023,2,11,14,6,4,23,31,
29/9/2023,2,12,14,6,4,22,37,
29/9/2023,2,13,14,6,4,18,28,
29/9/2023,2,14,14,6,4,22,34,
29/9/2023,2,15,14,6,4,26,39,
29/9/2023,2,16,14,6,4,26,39,
29/9/2023,2,17,14,6,4,19,27,
29/9/2023,2,18,14,6,4,22,34,
29/9/2023,2,19,14,6,4,22,31,
29/9/2023,2,20,14,6,4,21,35,
29/9/2023,2,21,14,6,4,21,30,
29/9/2023,2,22,14,6,4,26,40,
29/9/2023,2,23,14,6,4,20,33,
29/9/2023,2,24,14,6,5,20,32,
29/9/2023,2,25,14,6,4,22,32,
29/9/2023,2,26,14,6,4,18,28,
29/9/2023,2,27,14,6,4,19,32,
29/9/2023,2,28,14,6,4,21,31,
29/9/2023,2,29,14,6,4,24,33,
29/9/2023,2,30,14,6,4,19,26,
29/9/2023,2,31,14,6,4,19,31,
29/9/2023,2,32,14,6,4,27,40,
29/9/2023,2,33,14,6,4,24,35,
29/9/2023,2,34,14,6,4,20,30,
29/9/2023,2,35,14,6,4,21,33,
29/9/2023,2,36,14,6,5,23,35,
29/9/2023,2,37,14,6,4,19,28,
29/9/2023,2,38,14,6,4,21,32,
29/9/2023,2,39,14,6,4,26,32,
29/9/2023,2,40,14,6,4,25,31,
30/9/2023,1,1,6.53,7.99,4,45,129,
30/9/2023,1,2,6.53,7.99,4,45,133,
30/9/2023,1,3,6.53,7.99,4,40,119,
30/9/2023,1,4,6.53,7.99,4,46,130,
30/9/2023,1,5,6.53,7.99,4,44,120,
30/9/2023,1,6,6.53,7.99,4,46,141,
30/9/2023,1,7,6.53,7.99,5,51,149,
30/9/2023,1,8,6.53,7.99,4,47,130,
30/9/2023,1,9,6.53,7.99,4,47,136,
30/9/2023,1,10,6.53,7.99,4,46,124,
30/9/2023,1,11,6.53,7.99,4,45,124,
30/9/2023,1,12,6.53,7.99,4,46,133,
30/9/2023,1,13,6.53,7.99,4,46,131,
30/9/2023,1,14,6.53,7.99,4,48,134,
30/9/2023,1,15,6.53,7.99,5,50,148,
30/9/2023,1,16,6.53,7.99,5,51,131,
30/9/2023,1,17,6.53,7.99,4,47,129,
30/9/2023,1,18,6.53,7.99,4,40,130,
30/9/2023,1,19,6.53,7.99,4,43,121,
30/9/2023,1,20,6.53,7.99,4,47,136,
30/9/2023,1,21,6.53,7.99,4,48,129,
30/9/2023,1,22,6.53,7.99,4,47,141,
30/9/2023,1,23,6.53,7.99,4,48,141,
30/9/2023,1,24,6.53,7.99,5,46,127,
30/9/2023,1,25,6.53,7.99,4,43,132,
30/9/2023,1,26,6.53,7.99,4,45,136,
30/9/2023,1,27,6.53,7.99,5,41,132,
30/9/2023,1,28,6.53,7.99,4,48,134,
30/9/2023,1,29,6.53,7.99,5,41,135,
30/9/2023,1,30,6.53,7.99,4,46,136,
30/9/2023,1,31,6.53,7.99,5,52,135,
30/9/2023,1,32,6.53,7.99,4,44,136,
30/9/2023,1,33,6.53,7.99,4,47,134,
30/9/2023,1,34,6.53,7.99,4,49,146,
30/9/2023,1,35,6.53,7.99,5,46,126,
30/9/2023,1,36,6.53,7.99,4,42,127,
30/9/2023,1,37,6.53,7.99,5,42,125,
30/9/2023,1,38,6.53,7.99,5,48,132,
30/9/2023,1,39,6.53,7.99,4,44,133,
30/9/2023,1,40,6.53,7.99,4,46,131,
30/9/2023,2,1,10,6,4,21,29,
30/9/2023,2,2,10,6,5,22,32,
30/9/2023,2,3,10,6,4,23,36,
30/9/2023,2,4,10,6,4,26,41,
30/9/2023,2,5,10,6,4,20,27,
30/9/2023,2,6,10,6,4,24,39,
30/9/2023,2,7,10,6,4,29,39,
30/9/2023,2,8,10,6,4,34,47,
30/9/2023,2,9,10,6,4,19,26,
30/9/2023,2,10,10,6,5,21,30,
30/9/2023,2,11,10,6,4,22,33,
30/9/2023,2,12,10,6,4,24,36,
30/9/2023,2,13,10,6,4,21,29,
30/9/2023,2,14,10,6,4,25,34,
30/9/2023,2,15,10,6,4,26,40,
30/9/2023,2,16,10,6,4,28,44,
30/9/2023,2,17,10,6,4,20,31,
30/9/2023,2,18,10,6,4,18,36,
30/9/2023,2,19,10,6,4,24,35,
30/9/2023,2,20,10,6,4,26,39,
30/9/2023,2,21,10,6,4,22,30,
30/9/2023,2,22,10,6,4,28,42,
30/9/2023,2,23,10,6,4,22,34,
30/9/2023,2,24,10,6,5,25,33,
30/9/2023,2,25,10,6,4,21,35,
30/9/2023,2,26,10,6,4,20,30,
30/9/2023,2,27,10,6,4,21,36,
30/9/2023,2,28,10,6,4,21,37,
30/9/2023,2,29,10,6,4,26,36,
30/9/2023,2,30,10,6,4,19,30,
30/9/2023,2,31,10,6,4,22,28,
30/9/2023,2,32,10,6,4,25,39,
30/9/2023,2,33,10,6,4,24,33,
30/9/2023,2,34,10,6,4,20,30,
30/9/2023,2,35,10,6,4,23,33,
30/9/2023,2,36,10,6,5,24,38,
30/9/2023,2,37,10,6,4,21,31,
30/9/2023,2,38,10,6,4,22,36,
30/9/2023,2,39,10,6,4,24,32,
30/9/2023,2,40,10,6,4,24,33,
,,,,,,,,
,,,,,,,,
,,,,,,,,
,,,,,,,,
,,,,,,,,
,,,,,,,,
,,,,,,,,
,,,,,,,,
,,,,,,,,
,,,,,,,,
,,,,,,,,
,,,,,,,,
,,,,,,,,
,,,,,,,,
,,,,,,,,
,,,,,,,,
,,,,,,,,
,,,,,,,,
,,,,,,,,
,,,,,,,,
,,,,,,,,
,,,,,,,,
,,,,,,,,
,,,,,,,,
,,,,,,,,
,,,,,,,,
,,,,,,,,
,,,,,,,,
,,,,,,,,
,,,,,,,,
,,,,,,,,
,,,,,,,,
,,,,,,,,
,,,,,,,,
,,,,,,,,
,,,,,,,,
,,,,,,,,
,,,,,,,,
,,,,,,,,
,,,,,,,,
,,,,,,,,
,,,,,,,,
,,,,,,,,
,,,,,,,,
,,,,,,,,
,,,,,,,,
,,,,,,,,
,,,,,,,,
,,,,,,,,
,,,,,,,,
,,,,,,,,
,,,,,,,,
,,,,,,,,
,,,,,,,,
,,,,,,,,
,,,,,,,,
,,,,,,,,
,,,,,,,,
,,,,,,,,
,,,,,,,,
,,,,,,,,
,,,,,,,,
,,,,,,,,
,,,,,,,,
,,,,,,,,
,,,,,,,,
,,,,,,,,
,,,,,,,,
,,,,,,,,
,,,,,,,,
,,,,,,,,
,,,,,,,,
,,,,,,,,
,,,,,,,,
,,,,,,,,
,,,,,,,,
,,,,,,,,
,,,,,,,,
,,,,,,,,
,,,,,,,,
,,,,,,,,
,,,,,,,,
,,,,,,,,
,,,,,,,,
,,,,,,,,
,,,,,,,,
,,,,,,,,
,,,,,,,,
,,,,,,,,
,,,,,,,,
,,,,,,,,
,,,,,,,,
,,,,,,,,
,,,,,,,,
,,,,,,,,
,,,,,,,,
,,,,,,,,
,,,,,,,,
,,,,,,,,
,,,,,,,,
,,,,,,,,
,,,,,,,,
,,,,,,,,
,,,,,,,,
,,,,,,,,
,,,,,,,,
,,,,,,,,
,,,,,,,,
,,,,,,,,
,,,,,,,,
,,,,,,,,
,,,,,,,,
,,,,,,,,
,,,,,,,,
,,,,,,,,
,,,,,,,,
,,,,,,,,
,,,,,,,,
,,,,,,,,
,,,,,,,,
,,,,,,,,
,,,,,,,,
,,,,,,,,
,,,,,,,,
,,,,,,,,
,,,,,,,,
,,,,,,,,
,,,,,,,,
,,,,,,,,
,,,,,,,,
,,,,,,,,
,,,,,,,,
,,,,,,,,
,,,,,,,,
,,,,,,,,
,,,,,,,,
,,,,,,,,
,,,,,,,,
,,,,,,,,
,,,,,,,,
,,,,,,,,
,,,,,,,,
,,,,,,,,
,,,,,,,,
,,,,,,,,
,,,,,,,,
,,,,,,,,
,,,,,,,,
,,,,,,,,
,,,,,,,,
,,,,,,,,
,,,,,,,,
,,,,,,,,
,,,,,,,,
,,,,,,,,
,,,,,,,,
,,,,,,,,
,,,,,,,,
,,,,,,,,
,,,,,,,,
